epoch,time,train/box_loss,train/cls_loss,train/l1_loss,metrics/precision(B),metrics/recall(B),metrics/mAP50(B),metrics/mAP50-95(B),val/box_loss,val/cls_loss,val/l1_loss,lr/pg0,lr/pg1,lr/pg2
1,326.526,1.22963,3.80721,0.00394,0.00325,0.4875,0.14417,0.10099,0.84017,4.43624,0.00293,0.0003,0.0003,0.0703
2,551.651,1.23738,2.12155,0.00388,0.50325,0.525,0.49721,0.39762,0.79135,4.21339,0.00289,0.000620793,0.000620793,0.0372875
3,833.486,0.97662,1.68549,0.00294,0.50336,1,0.99012,0.76756,0.74816,3.97985,0.00286,0.000928387,0.000928387,0.00426172
4,1082.16,0.82989,1.39058,0.00258,0.42003,1,0.99207,0.8308,0.60512,3.64255,0.00212,0.0009406,0.0009406,0.0009406
5,1412.01,0.78962,1.27844,0.00227,0.14526,1,0.99476,0.82399,0.68325,3.40743,0.00246,0.0009208,0.0009208,0.0009208
6,1632.26,0.82652,1.30709,0.00258,0.06995,1,0.995,0.87399,0.56066,2.93323,0.00197,0.000901,0.000901,0.000901
7,1824.92,0.72789,1.13825,0.0021,1,0.48803,0.995,0.90877,0.54273,2.5488,0.00208,0.0008812,0.0008812,0.0008812
8,1991.12,0.66469,1.12732,0.00191,0.98754,0.79195,0.995,0.9305,0.48483,2.12185,0.00167,0.0008614,0.0008614,0.0008614
9,2161.83,0.71665,1.05863,0.00197,0.98747,0.97044,0.995,0.90655,0.65076,1.93478,0.0024,0.0008416,0.0008416,0.0008416
10,2361.62,0.78109,1.03604,0.00217,0.98421,1,0.995,0.90598,0.48298,1.54508,0.0017,0.0008218,0.0008218,0.0008218
11,2784.2,0.61647,0.89815,0.0018,0.99536,0.99873,0.995,0.92342,0.49124,1.27726,0.00186,0.000802,0.000802,0.000802
12,3039.12,0.75272,0.93231,0.00214,0.99901,0.99945,0.995,0.96375,0.48928,1.04122,0.00175,0.0007822,0.0007822,0.0007822
13,3180.06,0.66917,0.8717,0.00195,0.99478,0.99786,0.995,0.93997,0.46869,1.05109,0.00171,0.0007624,0.0007624,0.0007624
14,3365.14,0.61397,0.80816,0.00182,0.99307,0.99995,0.995,0.95995,0.50393,0.89494,0.00189,0.0007426,0.0007426,0.0007426
15,3610.87,0.62746,0.76294,0.00187,0.99217,0.9875,0.99476,0.96818,0.36206,0.73104,0.00131,0.0007228,0.0007228,0.0007228
16,3784.2,0.63798,0.79354,0.00175,0.99487,0.99955,0.995,0.96461,0.44769,0.60228,0.00167,0.000703,0.000703,0.000703
17,4085.25,0.5899,0.76156,0.00174,0.99522,1,0.995,0.97788,0.5282,0.57656,0.00208,0.0006832,0.0006832,0.0006832
18,4280.71,0.57403,0.67821,0.0016,0.99625,1,0.995,0.97499,0.32336,0.57696,0.00117,0.0006634,0.0006634,0.0006634
19,4462.84,0.56698,0.66671,0.00168,0.99684,1,0.995,0.95542,0.36708,0.56251,0.00124,0.0006436,0.0006436,0.0006436
20,4636.1,0.49523,0.63778,0.00137,0.99708,1,0.995,0.98254,0.40974,0.50436,0.00161,0.0006238,0.0006238,0.0006238
21,4816.26,0.52472,0.60844,0.00153,0.99694,1,0.995,0.97647,0.41292,0.48906,0.0016,0.000604,0.000604,0.000604
22,4996.65,0.52663,0.61015,0.00144,0.9958,0.99985,0.995,0.97708,0.31715,0.44909,0.00113,0.0005842,0.0005842,0.0005842
23,5283.16,0.48228,0.5822,0.00133,0.99648,1,0.995,0.97886,0.35917,0.44783,0.00126,0.0005644,0.0005644,0.0005644
24,5463.53,0.49214,0.56209,0.00126,0.99654,1,0.995,0.98345,0.29051,0.42158,0.00103,0.0005446,0.0005446,0.0005446
25,5637.57,0.48989,0.58539,0.00138,0.99717,1,0.995,0.96818,0.29919,0.42904,0.00103,0.0005248,0.0005248,0.0005248
26,5790.82,0.47769,0.52636,0.00132,0.99715,1,0.995,0.97639,0.35361,0.45559,0.00126,0.000505,0.000505,0.000505
27,6027.87,0.49422,0.5151,0.0013,0.99729,1,0.995,0.97938,0.31236,0.43351,0.00109,0.0004852,0.0004852,0.0004852
28,6198.78,0.43618,0.50642,0.00119,0.99731,1,0.995,0.97764,0.31565,0.40992,0.00117,0.0004654,0.0004654,0.0004654
29,6387.02,0.46115,0.49133,0.00125,0.99725,1,0.995,0.98665,0.32485,0.41615,0.00118,0.0004456,0.0004456,0.0004456
30,6547.39,0.41164,0.48347,0.00114,0.99712,1,0.995,0.98426,0.28636,0.37299,0.00096,0.0004258,0.0004258,0.0004258
31,6761.22,0.41864,0.47532,0.00124,0.99702,1,0.995,0.98138,0.28514,0.35542,0.00095,0.000406,0.000406,0.000406
32,6961.98,0.41322,0.46365,0.00114,0.99692,1,0.995,0.98229,0.27284,0.33611,0.00101,0.0003862,0.0003862,0.0003862
33,7129.87,0.42153,0.47836,0.00123,0.99694,1,0.995,0.98134,0.28734,0.32973,0.00103,0.0003664,0.0003664,0.0003664
34,7277.2,0.4164,0.47178,0.0012,0.9969,1,0.995,0.98311,0.2792,0.32758,0.00101,0.0003466,0.0003466,0.0003466
35,7429.21,0.44451,0.48187,0.00129,0.99675,1,0.995,0.98337,0.27544,0.31809,0.00102,0.0003268,0.0003268,0.0003268
36,7626.32,0.41676,0.46433,0.00119,0.99662,1,0.995,0.98464,0.23823,0.29745,0.00083,0.000307,0.000307,0.000307
37,7783.8,0.42938,0.439,0.00122,0.99665,1,0.995,0.98226,0.30447,0.31117,0.00113,0.0002872,0.0002872,0.0002872
38,7920.66,0.42666,0.44847,0.00133,0.9967,1,0.995,0.98223,0.26583,0.30097,0.00095,0.0002674,0.0002674,0.0002674
39,8114.65,0.39801,0.42097,0.00105,0.99668,1,0.995,0.98224,0.21978,0.28576,0.00078,0.0002476,0.0002476,0.0002476
40,8282.1,0.39087,0.41291,0.00116,0.99678,1,0.995,0.98221,0.27087,0.29743,0.00103,0.0002278,0.0002278,0.0002278
41,8454.26,0.34715,0.41988,0.00113,0.99705,1,0.995,0.98233,0.26507,0.29933,0.00098,0.000208,0.000208,0.000208
42,8596.51,0.31199,0.39853,0.001,0.99724,1,0.995,0.98129,0.2201,0.29264,0.00079,0.0001882,0.0001882,0.0001882
43,8743.07,0.31089,0.38954,0.00098,0.99729,1,0.995,0.98126,0.23545,0.30029,0.00084,0.0001684,0.0001684,0.0001684
44,8929.93,0.35737,0.40337,0.00109,0.99727,1,0.995,0.98029,0.24272,0.30234,0.00086,0.0001486,0.0001486,0.0001486
